date,obs_fraction
2019-01-02,0.155273
2019-01-03,0.157715
2019-01-04,0.161133
2019-01-07,0.160400
2019-01-08,0.157959
2019-01-09,0.159912
2019-01-10,0.164307
2019-01-11,0.165283
2019-01-14,0.159668
2019-01-15,0.157227
2019-01-16,0.156494
2019-01-17,0.170166
2019-01-18,0.169678
2019-01-22,0.160400
2019-01-23,0.165039
2019-01-24,0.169189
2019-01-25,0.168945
2019-01-28,0.168213
2019-01-29,0.161865
2019-01-30,0.158203
2019-01-31,0.165039
2019-02-01,0.161621
2019-02-04,0.158691
2019-02-05,0.159912
2019-02-06,0.144775
2019-02-07,0.163086
2019-02-08,0.160400
2019-02-11,0.156006
2019-02-12,0.150879
2019-02-13,0.147217
2019-02-14,0.149658
2019-02-15,0.143066
2019-02-19,0.143066
2019-02-20,0.135010
2019-02-21,0.143799
2019-02-22,0.145996
2019-02-25,0.145264
2019-02-26,0.131836
2019-02-27,0.131592
2019-02-28,0.133545
2019-03-01,0.144531
2019-03-04,0.154297
2019-03-05,0.149902
2019-03-06,0.147949
2019-03-07,0.154297
2019-03-08,0.155029
2019-03-11,0.146729
2019-03-12,0.145996
2019-03-13,0.143555
2019-03-14,0.145020
2019-03-15,0.142578
2019-03-18,0.131104
2019-03-19,0.136963
2019-03-20,0.133545
2019-03-21,0.142578
2019-03-22,0.156250
2019-03-25,0.146484
2019-03-26,0.145996
2019-03-27,0.147217
2019-03-28,0.152832
2019-03-29,0.154053
2019-04-01,0.169189
2019-04-02,0.163086
2019-04-03,0.158691
2019-04-04,0.170166
2019-04-05,0.166504
2019-04-08,0.166260
2019-04-09,0.162109
2019-04-10,0.160889
2019-04-11,0.166992
2019-04-12,0.152832
2019-04-15,0.153564
2019-04-16,0.149414
2019-04-17,0.155762
2019-04-18,0.151123
2019-04-22,0.154541
2019-04-23,0.149414
2019-04-24,0.147705
2019-04-25,0.146484
2019-04-26,0.153076
2019-04-29,0.143066
2019-04-30,0.144287
2019-05-01,0.145752
2019-05-02,0.150391
2019-05-03,0.152344
2019-05-06,0.151611
2019-05-07,0.149414
2019-05-08,0.147461
2019-05-09,0.145508
2019-05-10,0.141113
2019-05-13,0.147461
2019-05-14,0.136963
2019-05-15,0.133057
2019-05-16,0.143555
2019-05-17,0.141602
2019-05-20,0.135010
2019-05-21,0.135742
2019-05-22,0.130615
2019-05-23,0.143066
2019-05-24,0.133301
2019-05-28,0.138428
2019-05-29,0.133545
2019-05-30,0.144043
2019-05-31,0.145752
2019-06-03,0.143799
2019-06-04,0.139648
2019-06-05,0.134521
2019-06-06,0.138672
2019-06-07,0.140869
2019-06-10,0.137939
2019-06-11,0.132080
2019-06-12,0.134766
2019-06-13,0.138184
2019-06-14,0.136719
2019-06-17,0.125244
2019-06-18,0.125000
2019-06-19,0.126465
2019-06-20,0.136230
2019-06-21,0.127930
2019-06-24,0.144043
2019-06-25,0.140625
2019-06-26,0.141357
2019-06-27,0.141602
2019-06-28,0.146973
2019-07-01,0.145996
2019-07-02,0.152832
2019-07-03,0.156250
2019-07-05,0.150879
2019-07-08,0.149902
2019-07-09,0.149658
2019-07-10,0.144775
2019-07-11,0.149170
2019-07-12,0.153809
2019-07-15,0.152100
2019-07-16,0.145264
2019-07-17,0.146973
2019-07-18,0.149170
2019-07-19,0.150879
2019-07-22,0.150146
2019-07-23,0.140381
2019-07-24,0.144287
2019-07-25,0.150879
2019-07-26,0.147217
2019-07-29,0.149414
2019-07-30,0.141357
2019-07-31,0.145020
2019-08-01,0.149902
2019-08-02,0.152100
2019-08-05,0.153564
2019-08-06,0.150879
2019-08-07,0.154297
2019-08-08,0.149902
2019-08-09,0.155518
2019-08-12,0.147461
2019-08-13,0.140625
2019-08-14,0.143799
2019-08-15,0.152344
2019-08-16,0.160889
2019-08-19,0.152588
2019-08-20,0.149658
2019-08-21,0.150635
2019-08-22,0.150635
2019-08-23,0.151367
2019-08-26,0.142334
2019-08-27,0.142822
2019-08-28,0.145996
2019-08-29,0.147705
2019-08-30,0.147705
2019-09-04,0.136963
2019-09-05,0.140137
2019-09-06,0.140137
2019-09-09,0.135986
2019-09-10,0.132324
2019-09-11,0.134766
2019-09-12,0.142578
2019-09-13,0.142578
2019-09-16,0.135254
2019-09-17,0.129395
2019-09-18,0.134033
2019-09-19,0.134277
2019-09-20,0.146973
2019-09-23,0.149658
2019-09-24,0.146729
2019-09-25,0.142822
2019-09-26,0.149658
2019-09-27,0.149414
2019-09-30,0.145752
2019-10-01,0.150146
2019-10-02,0.152100
2019-10-03,0.156006
2019-10-04,0.156982
2019-10-07,0.155029
2019-10-08,0.151855
2019-10-09,0.155029
2019-10-10,0.156006
2019-10-11,0.155029
2019-10-14,0.148926
2019-10-15,0.146729
2019-10-16,0.146973
2019-10-17,0.155518
2019-10-18,0.152832
2019-10-21,0.155518
2019-10-22,0.153809
2019-10-23,0.150391
2019-10-24,0.155029
2019-10-25,0.156494
2019-10-28,0.156738
2019-10-29,0.153564
2019-10-30,0.151367
2019-10-31,0.153076
2019-11-01,0.153809
2019-11-04,0.152588
2019-11-05,0.146973
2019-11-06,0.148438
2019-11-07,0.149170
2019-11-08,0.152100
2019-11-11,0.145264
2019-11-12,0.136719
2019-11-13,0.139404
2019-11-14,0.141113
2019-11-15,0.138916
2019-11-18,0.135742
2019-11-19,0.143555
2019-11-20,0.149170
2019-11-21,0.156494
2019-11-22,0.154053
2019-11-25,0.155273
2019-11-26,0.147705
2019-11-27,0.152344
2019-11-29,0.156250
2019-12-02,0.156738
2019-12-03,0.151367
2019-12-04,0.150879
2019-12-05,0.153320
2019-12-06,0.156006
2019-12-09,0.147461
2019-12-10,0.151855
2019-12-11,0.152832
2019-12-12,0.157471
2019-12-13,0.164062
2019-12-16,0.159668
2019-12-17,0.153076
2019-12-18,0.156738
2019-12-19,0.166504
2019-12-20,0.163086
2019-12-23,0.164551
2019-12-24,0.156006
2019-12-26,0.161133
2019-12-27,0.159668
2019-12-30,0.159912
2019-12-31,0.155762
2020-01-02,0.169922
2020-01-03,0.165283
2020-01-06,0.164795
2020-01-07,0.157471
2020-01-08,0.165527
2020-01-09,0.166504
2020-01-10,0.170166
2020-01-13,0.156738
2020-01-14,0.158447
2020-01-15,0.156250
2020-01-16,0.166992
2020-01-17,0.163818
2020-01-21,0.156006
2020-01-22,0.169678
2020-01-23,0.176514
2020-01-24,0.172852
2020-01-27,0.174805
2020-01-28,0.161377
2020-01-29,0.177246
2020-01-30,0.181396
2020-01-31,0.183594
2020-02-03,0.181152
2020-02-04,0.166260
2020-02-05,0.174072
2020-02-06,0.175049
2020-02-07,0.175049
2020-02-10,0.180176
2020-02-11,0.165771
2020-02-12,0.166260
2020-02-13,0.176025
2020-02-14,0.174316
2020-02-18,0.169922
2020-02-19,0.167480
2020-02-20,0.157471
2020-02-21,0.165771
2020-02-24,0.171143
2020-02-25,0.169189
2020-02-26,0.177002
2020-02-27,0.186279
2020-02-28,0.192871
2020-03-02,0.189697
2020-03-03,0.194824
2020-03-04,0.187744
2020-03-05,0.197021
2020-03-06,0.203857
2020-03-09,0.214600
2020-03-10,0.198486
2020-03-11,0.210449
2020-03-12,0.213623
2020-03-13,0.221191
2020-03-16,0.219482
2020-03-17,0.224854
2020-03-18,0.219727
2020-03-19,0.238281
2020-03-20,0.233643
2020-03-23,0.229980
2020-03-24,0.233643
2020-03-25,0.226074
2020-03-26,0.233398
2020-03-27,0.240479
2020-03-30,0.236572
2020-03-31,0.228516
2020-04-01,0.238525
2020-04-02,0.245850
2020-04-03,0.232422
2020-04-06,0.229004
2020-04-07,0.229248
2020-04-08,0.229736
2020-04-09,0.236084
2020-04-13,0.224121
2020-04-14,0.219727
2020-04-15,0.221191
2020-04-16,0.218506
2020-04-17,0.215088
2020-04-20,0.215332
2020-04-21,0.228516
2020-04-22,0.229004
2020-04-23,0.230957
2020-04-24,0.235596
2020-04-27,0.230957
2020-04-28,0.220215
2020-04-29,0.219727
2020-04-30,0.226807
2020-05-01,0.236816
2020-05-04,0.222168
2020-05-05,0.226562
2020-05-06,0.222900
2020-05-07,0.222656
2020-05-08,0.226807
2020-05-11,0.226807
2020-05-12,0.206055
2020-05-13,0.212402
2020-05-14,0.218750
2020-05-15,0.219238
2020-05-18,0.202881
2020-05-19,0.208740
2020-05-20,0.205322
2020-05-21,0.206299
2020-05-22,0.205566
2020-05-26,0.197266
2020-05-27,0.200684
2020-05-28,0.208252
2020-05-29,0.209961
2020-06-01,0.197266
2020-06-02,0.198975
2020-06-03,0.194824
2020-06-04,0.203369
2020-06-05,0.203369
2020-06-08,0.199219
2020-06-09,0.191895
2020-06-10,0.192871
2020-06-11,0.210938
2020-06-12,0.216309
2020-06-15,0.203369
2020-06-16,0.195557
2020-06-17,0.199951
2020-06-18,0.208008
2020-06-19,0.205322
2020-06-22,0.204590
2020-06-24,0.205322
2020-06-25,0.213135
2020-06-26,0.205322
2020-06-29,0.217041
2020-06-30,0.201660
2020-07-01,0.210693
2020-07-02,0.214844
2020-07-06,0.206787
2020-07-07,0.210938
2020-07-08,0.212646
2020-07-09,0.217773
2020-07-10,0.217285
2020-07-13,0.208008
2020-07-14,0.209717
2020-07-15,0.207764
2020-07-16,0.207520
2020-07-17,0.205322
2020-07-20,0.189697
2020-07-21,0.195801
2020-07-22,0.196777
2020-07-23,0.206055
2020-07-24,0.207764
2020-07-27,0.200928
2020-07-28,0.194336
2020-07-29,0.197510
2020-07-30,0.205078
2020-07-31,0.202637
2020-08-03,0.202393
2020-08-04,0.196533
2020-08-05,0.191650
2020-08-06,0.194336
2020-08-07,0.202393
2020-08-10,0.203369
2020-08-11,0.198242
2020-08-12,0.183350
2020-08-13,0.204346
2020-08-14,0.195312
2020-08-17,0.194092
2020-08-18,0.193604
2020-08-19,0.193604
2020-08-20,0.185059
2020-08-21,0.183838
2020-08-24,0.182861
2020-08-25,0.170410
2020-08-26,0.175049
2020-08-27,0.183105
2020-08-28,0.191650
2020-08-31,0.192139
2020-09-01,0.177979
2020-09-02,0.177490
2020-09-03,0.187500
2020-09-04,0.197266
2020-09-08,0.193604
2020-09-09,0.184326
2020-09-10,0.196533
2020-09-11,0.196777
2020-09-14,0.190430
2020-09-15,0.185791
2020-09-16,0.186768
2020-09-17,0.206543
2020-09-18,0.204346
2020-09-21,0.200684
2020-09-22,0.198730
2020-09-23,0.202393
2020-09-24,0.207520
2020-09-25,0.208252
2020-09-28,0.196045
2020-09-29,0.203857
2020-09-30,0.215088
2020-10-01,0.233643
2020-10-02,0.237061
2020-10-05,0.232178
2020-10-06,0.228760
2020-10-07,0.219482
2020-10-08,0.221680
2020-10-09,0.234375
2020-10-12,0.226074
2020-10-13,0.220215
2020-10-14,0.224365
2020-10-15,0.219971
2020-10-16,0.224609
2020-10-19,0.218750
2020-10-20,0.216309
2020-10-21,0.211426
2020-10-22,0.217041
2020-10-23,0.219727
2020-10-26,0.225098
2020-10-27,0.219727
2020-10-28,0.223877
2020-10-29,0.227295
2020-10-30,0.236572
2020-11-02,0.226318
2020-11-03,0.218994
2020-11-04,0.218506
2020-11-05,0.220215
2020-11-06,0.219482
2020-11-09,0.215088
2020-11-10,0.214844
2020-11-11,0.208496
2020-11-12,0.217041
2020-11-13,0.212891
2020-11-16,0.195801
2020-11-17,0.197266
2020-11-18,0.201172
2020-11-19,0.200439
2020-11-20,0.201904
2020-11-23,0.191650
2020-11-24,0.186768
2020-11-25,0.192139
2020-11-27,0.191162
2020-11-30,0.190918
2020-12-01,0.189697
2020-12-02,0.186523
2020-12-03,0.196045
2020-12-04,0.195068
2020-12-07,0.197266
2020-12-08,0.187500
2020-12-09,0.187012
2020-12-10,0.193604
2020-12-11,0.198486
2020-12-14,0.195312
2020-12-15,0.185547
2020-12-16,0.180908
2020-12-17,0.197998
2020-12-18,0.191162
2020-12-21,0.195557
2020-12-22,0.191895
2020-12-23,0.191895
2020-12-24,0.194580
2020-12-28,0.188965
2020-12-29,0.187988
2020-12-30,0.187988
2020-12-31,0.193359
2021-01-04,0.203613
2021-01-05,0.190918
2021-01-06,0.196777
2021-01-07,0.198975
2021-01-08,0.200195
2021-01-11,0.197266
2021-01-12,0.192627
2021-01-13,0.191895
2021-01-14,0.206543
2021-01-15,0.201416
2021-01-19,0.195801
2021-01-20,0.193115
2021-01-21,0.211914
2021-01-22,0.218750
2021-01-25,0.218994
2021-01-26,0.210205
2021-01-27,0.213623
2021-01-28,0.219238
2021-01-29,0.222412
2021-02-01,0.218262
2021-02-02,0.209229
2021-02-03,0.209961
2021-02-04,0.205322
2021-02-05,0.216553
2021-02-08,0.205811
2021-02-09,0.194824
2021-02-10,0.189453
2021-02-11,0.209229
2021-02-12,0.207031
2021-02-16,0.206787
2021-02-17,0.197266
2021-02-18,0.206299
2021-02-19,0.210938
2021-02-22,0.202393
2021-02-23,0.205322
2021-02-24,0.208984
2021-02-25,0.213135
2021-02-26,0.232178
2021-03-01,0.232422
2021-03-02,0.227783
2021-03-03,0.232178
2021-03-04,0.236328
2021-03-05,0.237061
2021-03-08,0.239990
2021-03-09,0.222900
2021-03-10,0.227295
2021-03-11,0.228516
2021-03-12,0.232666
2021-03-15,0.225098
2021-03-16,0.222168
2021-03-17,0.215820
2021-03-18,0.232910
2021-03-19,0.239014
2021-03-22,0.238037
2021-03-23,0.229980
2021-03-24,0.224609
2021-03-25,0.234375
2021-03-26,0.227295
2021-03-29,0.244141
2021-03-30,0.235840
2021-03-31,0.237549
2021-04-01,0.250977
2021-04-05,0.247070
2021-04-06,0.242920
2021-04-07,0.244385
2021-04-08,0.248779
2021-04-09,0.247803
2021-04-12,0.248535
2021-04-13,0.243164
2021-04-14,0.242676
2021-04-15,0.237793
2021-04-16,0.241455
2021-04-19,0.236328
2021-04-20,0.234619
2021-04-21,0.235840
2021-04-22,0.237305
2021-04-23,0.238281
2021-04-26,0.229492
2021-04-27,0.232910
2021-04-28,0.229248
2021-04-29,0.233154
2021-04-30,0.235596
2021-05-03,0.235596
2021-05-04,0.233887
2021-05-05,0.234375
2021-05-06,0.235840
2021-05-07,0.239746
2021-05-10,0.241699
2021-05-11,0.227539
2021-05-12,0.229980
2021-05-13,0.244141
2021-05-14,0.237305
2021-05-17,0.229004
2021-05-18,0.239258
2021-05-19,0.236816
2021-05-20,0.218262
2021-05-21,0.226318
2021-05-24,0.222168
2021-05-25,0.211426
2021-05-26,0.211182
2021-05-27,0.216797
2021-05-28,0.218262
2021-06-01,0.205078
2021-06-02,0.210205
2021-06-03,0.220703
2021-06-04,0.221191
2021-06-07,0.220947
2021-06-08,0.211182
2021-06-09,0.212891
2021-06-10,0.219238
2021-06-11,0.210938
2021-06-14,0.212646
2021-06-15,0.212158
2021-06-16,0.208252
2021-06-17,0.225098
2021-06-18,0.229736
2021-06-21,0.220215
2021-06-22,0.216064
2021-06-23,0.210693
2021-06-24,0.214600
2021-06-25,0.215088
2021-06-28,0.213379
2021-06-29,0.206787
2021-06-30,0.209961
2021-07-01,0.225098
2021-07-02,0.224609
2021-07-06,0.218750
2021-07-07,0.215576
2021-07-08,0.221924
2021-07-09,0.226562
2021-07-12,0.225098
2021-07-13,0.217041
2021-07-14,0.215332
2021-07-15,0.217041
2021-07-16,0.220703
2021-07-19,0.217529
2021-07-20,0.205322
2021-07-21,0.211426
2021-07-22,0.209473
2021-07-23,0.210205
2021-07-26,0.207275
2021-07-27,0.205811
2021-07-28,0.204590
2021-07-29,0.210938
2021-07-30,0.208740
2021-08-02,0.212646
2021-08-03,0.206299
2021-08-04,0.206787
2021-08-05,0.210938
2021-08-06,0.212646
2021-08-09,0.200439
2021-08-10,0.201660
2021-08-11,0.206055
2021-08-12,0.208252
2021-08-13,0.205322
2021-08-16,0.198730
2021-08-17,0.188721
2021-08-18,0.203369
2021-08-19,0.200195
2021-08-20,0.192139
2021-08-23,0.193604
2021-08-24,0.181885
2021-08-25,0.183594
2021-08-26,0.187500
2021-08-27,0.191650
2021-08-30,0.191162
2021-08-31,0.182373
2021-09-01,0.182617
2021-09-02,0.182129
2021-09-03,0.186035
2021-09-07,0.175537
2021-09-08,0.177246
2021-09-09,0.185059
2021-09-10,0.189941
2021-09-13,0.186035
2021-09-14,0.178955
2021-09-15,0.181152
2021-09-16,0.185303
2021-09-17,0.193604
2021-09-20,0.194580
2021-09-21,0.195557
2021-09-22,0.191162
2021-09-23,0.189209
2021-09-24,0.197510
2021-09-27,0.187012
2021-09-28,0.194824
2021-09-29,0.195312
2021-09-30,0.197510
2021-10-01,0.209229
2021-10-04,0.209229
2021-10-05,0.198242
2021-10-06,0.200928
2021-10-07,0.203613
2021-10-08,0.204102
2021-10-11,0.207520
2021-10-12,0.202881
2021-10-13,0.202148
2021-10-14,0.196533
2021-10-15,0.195557
2021-10-18,0.188965
2021-10-19,0.185303
2021-10-20,0.182373
2021-10-21,0.186279
2021-10-22,0.187744
2021-10-25,0.176270
2021-10-26,0.183350
2021-10-27,0.203125
2021-10-28,0.208984
2021-10-29,0.212158
2021-11-01,0.211182
2021-11-02,0.203857
2021-11-03,0.204346
2021-11-04,0.206299
2021-11-05,0.214111
2021-11-08,0.207275
2021-11-09,0.206055
2021-11-10,0.210205
2021-11-11,0.208740
2021-11-12,0.202637
2021-11-15,0.191162
2021-11-16,0.189209
2021-11-17,0.198242
2021-11-18,0.194580
2021-11-19,0.191406
2021-11-22,0.189209
2021-11-23,0.189453
2021-11-24,0.188965
2021-11-26,0.195312
2021-11-29,0.194580
2021-11-30,0.190186
2021-12-01,0.193115
2021-12-02,0.194092
2021-12-03,0.196289
2021-12-06,0.184814
2021-12-07,0.185059
2021-12-08,0.186279
2021-12-09,0.187012
2021-12-10,0.192139
2021-12-13,0.184326
2021-12-14,0.182373
2021-12-15,0.179688
2021-12-16,0.194336
2021-12-17,0.184570
2021-12-20,0.192383
2021-12-21,0.186768
2021-12-22,0.185791
2021-12-23,0.184326
2021-12-27,0.182861
2021-12-28,0.184570
2021-12-29,0.177979
2021-12-30,0.175537
2021-12-31,0.186035
2022-01-03,0.193359
2022-01-04,0.185303
2022-01-05,0.195068
2022-01-06,0.182617
2022-01-07,0.199219
2022-01-10,0.193848
2022-01-11,0.188965
2022-01-12,0.183838
2022-01-13,0.192139
2022-01-14,0.188477
2022-01-18,0.181885
2022-01-19,0.186768
2022-01-20,0.203369
2022-01-21,0.204346
2022-01-24,0.213623
2022-01-25,0.217041
2022-01-26,0.222412
2022-01-27,0.225098
2022-01-28,0.229492
2022-01-31,0.222168
2022-02-01,0.220703
2022-02-02,0.217285
2022-02-03,0.222656
2022-02-04,0.225342
2022-02-07,0.222900
2022-02-08,0.217041
2022-02-09,0.210449
2022-02-10,0.226318
2022-02-11,0.220215
2022-02-14,0.216309
2022-02-15,0.204834
2022-02-16,0.218262
2022-02-17,0.206787
2022-02-18,0.206299
2022-02-22,0.198975
2022-02-23,0.200195
2022-02-24,0.208496
2022-02-25,0.204346
2022-02-28,0.214844
2022-03-01,0.209961
2022-03-02,0.206543
2022-03-03,0.212891
2022-03-04,0.213623
2022-03-07,0.215332
2022-03-08,0.213135
2022-03-09,0.212402
2022-03-10,0.214844
2022-03-11,0.229004
2022-03-14,0.225830
2022-03-15,0.218750
2022-03-16,0.215332
2022-03-17,0.219238
2022-03-18,0.214844
2022-03-21,0.213623
2022-03-22,0.208496
2022-03-23,0.215576
2022-03-24,0.212891
2022-03-25,0.217041
2022-03-28,0.200684
2022-03-29,0.205566
2022-03-30,0.206299
2022-03-31,0.208984
2022-04-01,0.228760
2022-04-04,0.222168
2022-04-05,0.216309
2022-04-06,0.218750
2022-04-07,0.226318
2022-04-08,0.219482
2022-04-11,0.225098
2022-04-12,0.217041
2022-04-13,0.221436
2022-04-14,0.218018
2022-04-18,0.213623
2022-04-19,0.205078
2022-04-20,0.208252
2022-04-21,0.215332
2022-04-22,0.217773
2022-04-25,0.214355
2022-04-26,0.213379
2022-04-27,0.213135
2022-04-28,0.214355
2022-04-29,0.218506
2022-05-02,0.220947
2022-05-03,0.212891
2022-05-04,0.214600
2022-05-05,0.224365
2022-05-06,0.222656
2022-05-09,0.224365
2022-05-10,0.223389
2022-05-11,0.230713
2022-05-12,0.231689
2022-05-13,0.229980
2022-05-16,0.232666
2022-05-17,0.224854
2022-05-18,0.235840
2022-05-19,0.224365
2022-05-20,0.224609
2022-05-23,0.226807
2022-05-24,0.214355
2022-05-25,0.213379
2022-05-26,0.214600
2022-05-27,0.227783
2022-05-31,0.216309
2022-06-01,0.223877
2022-06-02,0.229492
2022-06-03,0.239746
2022-06-06,0.228027
2022-06-07,0.220703
2022-06-08,0.228516
2022-06-09,0.235352
2022-06-10,0.240479
2022-06-13,0.231934
2022-06-14,0.227051
2022-06-15,0.230225
2022-06-16,0.242676
2022-06-17,0.243408
2022-06-21,0.235840
2022-06-22,0.233398
2022-06-23,0.235596
2022-06-24,0.239990
2022-06-27,0.237061
2022-06-28,0.230469
2022-06-29,0.229492
2022-06-30,0.234863
2022-07-01,0.249268
2022-07-05,0.234863
2022-07-06,0.235840
2022-07-07,0.239502
2022-07-08,0.243164
2022-07-11,0.237793
2022-07-12,0.232422
2022-07-13,0.234131
2022-07-14,0.233887
2022-07-15,0.230713
2022-07-18,0.223389
2022-07-19,0.215820
2022-07-20,0.217529
2022-07-21,0.215576
2022-07-22,0.224121
2022-07-25,0.222168
2022-07-26,0.214111
2022-07-27,0.216309
2022-07-28,0.209473
2022-07-29,0.219238
2022-08-01,0.219482
2022-08-02,0.214355
2022-08-03,0.213623
2022-08-04,0.216064
2022-08-05,0.223389
2022-08-08,0.219238
2022-08-09,0.210938
2022-08-10,0.212158
2022-08-11,0.208496
2022-08-12,0.209473
2022-08-15,0.199951
2022-08-16,0.199219
2022-08-17,0.200439
2022-08-18,0.190430
2022-08-19,0.195312
2022-08-22,0.199707
2022-08-23,0.188721
2022-08-24,0.191650
2022-08-25,0.194824
2022-08-26,0.201172
2022-08-29,0.198975
2022-08-30,0.189209
2022-08-31,0.189941
2022-09-01,0.193115
2022-09-02,0.203857
2022-09-06,0.188232
2022-09-07,0.188232
2022-09-08,0.192871
2022-09-09,0.201416
2022-09-12,0.178711
2022-09-13,0.187012
2022-09-14,0.187012
2022-09-15,0.198975
2022-09-16,0.201172
2022-09-19,0.198975
2022-09-20,0.192627
2022-09-21,0.192871
2022-09-22,0.193359
2022-09-23,0.202393
2022-09-26,0.197021
2022-09-27,0.187500
2022-09-28,0.189453
2022-09-29,0.194580
2022-09-30,0.198730
2022-10-03,0.199951
2022-10-04,0.196289
2022-10-05,0.214600
2022-10-06,0.220703
2022-10-07,0.228027
2022-10-10,0.218506
2022-10-11,0.213379
2022-10-12,0.212402
2022-10-13,0.218994
2022-10-14,0.227051
2022-10-17,0.218994
2022-10-18,0.215088
2022-10-19,0.216553
2022-10-20,0.212891
2022-10-21,0.214600
2022-10-24,0.211670
2022-10-25,0.205322
2022-10-26,0.203857
2022-10-27,0.208984
2022-10-28,0.203125
2022-10-31,0.209229
2022-11-01,0.200684
2022-11-02,0.202637
2022-11-03,0.218750
2022-11-04,0.221436
2022-11-07,0.222168
2022-11-08,0.213867
2022-11-09,0.211670
2022-11-10,0.211182
2022-11-11,0.215820
2022-11-14,0.197998
2022-11-15,0.191895
2022-11-16,0.199951
2022-11-17,0.199463
2022-11-18,0.198730
2022-11-21,0.188721
2022-11-22,0.181641
2022-11-23,0.191406
2022-11-25,0.187012
2022-11-28,0.186035
2022-11-29,0.187988
2022-11-30,0.187012
2022-12-01,0.184326
2022-12-02,0.185547
2022-12-05,0.187988
2022-12-06,0.188965
2022-12-07,0.186279
2022-12-08,0.181152
2022-12-09,0.180420
2022-12-12,0.179932
2022-12-13,0.173340
2022-12-14,0.177979
2022-12-15,0.187012
2022-12-16,0.189697
2022-12-19,0.176270
2022-12-20,0.189453
2022-12-21,0.187256
2022-12-22,0.183350
2022-12-23,0.189697
2022-12-27,0.181885
2022-12-28,0.179932
2022-12-29,0.177979
2022-12-30,0.176270
2023-01-03,0.188721
2023-01-04,0.150146
2023-01-05,0.185303
2023-01-06,0.207764
2023-01-09,0.201660
2023-01-10,0.168213
2023-01-11,0.203613
2023-01-12,0.217285
2023-01-13,0.209717
2023-01-17,0.170166
2023-01-18,0.195312
2023-01-19,0.223145
2023-01-20,0.223145
2023-01-23,0.217529
2023-01-24,0.180420
2023-01-25,0.218994
2023-01-26,0.218018
2023-01-27,0.205322
2023-01-30,0.220703
2023-01-31,0.219727
2023-02-01,0.172607
2023-02-02,0.148438
2023-02-03,0.224854
2023-02-06,0.194092
2023-02-07,0.221680
2023-02-08,0.222168
2023-02-09,0.160645
2023-02-10,0.186523
2023-02-13,0.202148
2023-02-14,0.204834
2023-02-15,0.199463
2023-02-16,0.194824
2023-02-17,0.185059
2023-02-21,0.161133
2023-02-22,0.205811
2023-02-23,0.154053
2023-02-24,0.207520
2023-02-27,0.206543
2023-02-28,0.209229
2023-03-01,0.158691
2023-03-02,0.217773
2023-03-03,0.166748
2023-03-06,0.214844
2023-03-07,0.221191
2023-03-08,0.223877
2023-03-09,0.225098
2023-03-10,0.224121
2023-03-13,0.217773
2023-03-14,0.218262
2023-03-15,0.218262
2023-03-16,0.227783
2023-03-17,0.227783
2023-03-20,0.226318
2023-03-21,0.173096
2023-03-22,0.216309
2023-03-23,0.225098
2023-03-24,0.165527
2023-03-27,0.163574
2023-03-28,0.203857
2023-03-29,0.219727
2023-03-30,0.161133
2023-03-31,0.213623
2023-04-03,0.221436
2023-04-04,0.219971
2023-04-05,0.162598
2023-04-06,0.225098
2023-04-10,0.208984
2023-04-11,0.209717
2023-04-12,0.223389
2023-04-13,0.223877
2023-04-14,0.164062
2023-04-17,0.215820
2023-04-18,0.217041
2023-04-19,0.223877
2023-04-20,0.162354
2023-04-21,0.218018
2023-04-24,0.213379
2023-04-25,0.209717
2023-04-26,0.214355
2023-04-27,0.206055
2023-04-28,0.200195
2023-05-01,0.203613
2023-05-02,0.210693
2023-05-03,0.207031
2023-05-04,0.192871
2023-05-05,0.202393
2023-05-08,0.211670
2023-05-09,0.212646
2023-05-10,0.208984
2023-05-11,0.207031
2023-05-12,0.201660
2023-05-15,0.193604
2023-05-16,0.144287
2023-05-17,0.194092
2023-05-18,0.170166
2023-05-19,0.162842
2023-05-22,0.187500
2023-05-23,0.188965
2023-05-24,0.137939
2023-05-25,0.185303
2023-05-26,0.185791
2023-05-30,0.134277
2023-05-31,0.187988
2023-06-01,0.139160
2023-06-02,0.134766
2023-06-05,0.185791
2023-06-06,0.176025
2023-06-07,0.188477
2023-06-08,0.177490
2023-06-09,0.177979
2023-06-12,0.153320
2023-06-13,0.183838
2023-06-14,0.186035
2023-06-15,0.181152
2023-06-16,0.163330
2023-06-20,0.172852
2023-06-21,0.177734
2023-06-22,0.191162
2023-06-23,0.201660
2023-06-26,0.187744
2023-06-27,0.190186
2023-06-28,0.167236
2023-06-29,0.138428
2023-06-30,0.159180
2023-07-03,0.177979
2023-07-05,0.188232
2023-07-06,0.202881
2023-07-07,0.207520
2023-07-10,0.179688
2023-07-11,0.194092
2023-07-12,0.171875
2023-07-13,0.141357
2023-07-14,0.145752
2023-07-17,0.174316
2023-07-18,0.139648
2023-07-19,0.179199
2023-07-20,0.185303
2023-07-21,0.185303
2023-07-24,0.187744
2023-07-25,0.181885
2023-07-26,0.177002
2023-07-27,0.176025
2023-07-28,0.189941
2023-07-31,0.127197
2023-08-01,0.188232
2023-08-02,0.187988
2023-08-03,0.187988
2023-08-04,0.184082
2023-08-07,0.183105
2023-08-08,0.162354
2023-08-09,0.191650
2023-08-10,0.186279
2023-08-11,0.163330
2023-08-14,0.179932
2023-08-15,0.131592
2023-08-16,0.164307
2023-08-17,0.175781
2023-08-18,0.133301
2023-08-21,0.167725
2023-08-22,0.160889
2023-08-23,0.168945
2023-08-24,0.162598
2023-08-25,0.171387
2023-08-28,0.165527
2023-08-29,0.163818
2023-08-30,0.151855
2023-08-31,0.163086
2023-09-01,0.166504
2023-09-05,0.165771
2023-09-06,0.165039
2023-09-07,0.151367
2023-09-08,0.163330
2023-09-11,0.156006
2023-09-12,0.153809
2023-09-13,0.152832
2023-09-14,0.155762
2023-09-15,0.154297
2023-09-18,0.149902
2023-09-19,0.153564
2023-09-20,0.140137
2023-09-21,0.167236
2023-09-22,0.160645
2023-09-25,0.162598
2023-09-26,0.167725
2023-09-27,0.151367
2023-09-28,0.156738
2023-09-29,0.178223
2023-10-02,0.190430
2023-10-03,0.191650
2023-10-04,0.193604
2023-10-05,0.186768
2023-10-06,0.194824
2023-10-09,0.150879
2023-10-10,0.189941
2023-10-11,0.188232
2023-10-12,0.149414
2023-10-13,0.153564
2023-10-16,0.183350
2023-10-17,0.187012
2023-10-18,0.176514
2023-10-19,0.178223
2023-10-20,0.184570
2023-10-23,0.180664
2023-10-24,0.180176
2023-10-25,0.152344
2023-10-26,0.182373
2023-10-27,0.185547
2023-10-30,0.184814
2023-10-31,0.182373
2023-11-01,0.181396
2023-11-02,0.170898
2023-11-03,0.174805
2023-11-06,0.178955
2023-11-07,0.181152
2023-11-08,0.164307
2023-11-09,0.170166
2023-11-10,0.173584
2023-11-13,0.162354
2023-11-14,0.133789
2023-11-15,0.168213
2023-11-16,0.125488
2023-11-17,0.162598
2023-11-20,0.182373
2023-11-21,0.175781
2023-11-22,0.191162
2023-11-24,0.211426
2023-11-27,0.181396
2023-11-28,0.203857
2023-11-29,0.201660
2023-11-30,0.204346
2023-12-01,0.206299
2023-12-04,0.204590
2023-12-05,0.203125
2023-12-06,0.200195
2023-12-07,0.193359
2023-12-08,0.204102
2023-12-11,0.189697
2023-12-12,0.192871
2023-12-13,0.183594
2023-12-14,0.185059
2023-12-15,0.185791
2023-12-18,0.152588
2023-12-19,0.174316
2023-12-20,0.152832
2023-12-21,0.185791
2023-12-22,0.194580
2023-12-26,0.169922
2023-12-27,0.176025
2023-12-28,0.174316
2023-12-29,0.189453
2024-01-02,0.165039
2024-01-03,0.180420
2024-01-04,0.182861
2024-01-05,0.207031
2024-01-08,0.182617
2024-01-09,0.190918
2024-01-10,0.203125
2024-01-11,0.172363
2024-01-12,0.196045
2024-01-16,0.182373
2024-01-17,0.194580
2024-01-18,0.191162
2024-01-19,0.188965
2024-01-22,0.206543
2024-01-23,0.161865
2024-01-24,0.161377
2024-01-25,0.203613
2024-01-26,0.176025
2024-01-29,0.223633
2024-01-30,0.225830
2024-01-31,0.194336
2024-02-01,0.217773
2024-02-02,0.219238
2024-02-05,0.232666
2024-02-06,0.185547
2024-02-07,0.183105
2024-02-08,0.239746
2024-02-09,0.216064
2024-02-12,0.221924
2024-02-13,0.214844
2024-02-14,0.222168
2024-02-15,0.203613
2024-02-16,0.213623
2024-02-20,0.211182
2024-02-21,0.176270
2024-02-22,0.171631
2024-02-23,0.218018
2024-02-26,0.214600
2024-02-27,0.177734
2024-02-28,0.177734
2024-02-29,0.220215
2024-03-01,0.205811
2024-03-04,0.219727
2024-03-05,0.215820
2024-03-06,0.222168
2024-03-07,0.214844
2024-03-08,0.221191
2024-03-11,0.211182
2024-03-12,0.191895
2024-03-13,0.199707
2024-03-14,0.200439
2024-03-15,0.203125
2024-03-18,0.196533
2024-03-19,0.201904
2024-03-20,0.198242
2024-03-21,0.208008
2024-03-22,0.169678
2024-03-25,0.211182
2024-03-26,0.180908
2024-03-27,0.197510
2024-03-28,0.172607
2024-04-01,0.207520
2024-04-02,0.216797
2024-04-03,0.206299
2024-04-04,0.215332
2024-04-05,0.222168
2024-04-08,0.215576
2024-04-09,0.215576
2024-04-10,0.220947
2024-04-11,0.219971
2024-04-12,0.212891
2024-04-15,0.214844
2024-04-16,0.211914
2024-04-17,0.207031
2024-04-18,0.206543
2024-04-19,0.197754
2024-04-22,0.200684
2024-04-23,0.197754
2024-04-24,0.190918
2024-04-25,0.199219
2024-04-26,0.096191
2024-04-29,0.101318
2024-04-30,0.202148
2024-05-01,0.117432
2024-05-02,0.110840
2024-05-03,0.191895
2024-05-06,0.119629
2024-05-07,0.124023
2024-05-08,0.222656
2024-05-09,0.123779
2024-05-10,0.194336
2024-05-13,0.119629
2024-05-14,0.173828
2024-05-15,0.211426
2024-05-16,0.117188
2024-05-17,0.215820
2024-05-20,0.122314
2024-05-21,0.123779
2024-05-22,0.123779
2024-05-23,0.125488
2024-05-24,0.174072
2024-05-28,0.171875
2024-05-29,0.127441
2024-05-30,0.220459
2024-05-31,0.181641
2024-06-03,0.209961
2024-06-04,0.182129
2024-06-05,0.224365
2024-06-06,0.219238
2024-06-07,0.197266
2024-06-10,0.135254
2024-06-11,0.223633
2024-06-12,0.170166
2024-06-13,0.174805
2024-06-14,0.195312
2024-06-17,0.126465
2024-06-18,0.215576
2024-06-20,0.221436
2024-06-21,0.135254
2024-06-24,0.220459
2024-06-25,0.217529
2024-06-26,0.146973
2024-06-27,0.142822
2024-06-28,0.234619
2024-07-01,0.159180
2024-07-02,0.238525
2024-07-03,0.235352
2024-07-05,0.158691
2024-07-08,0.228760
2024-07-09,0.220459
2024-07-10,0.226807
2024-07-11,0.232178
2024-07-12,0.149414
2024-07-15,0.220215
2024-07-16,0.219727
2024-07-17,0.225098
2024-07-18,0.219238
2024-07-19,0.152344
2024-07-22,0.224609
2024-07-23,0.221191
2024-07-24,0.225830
2024-07-25,0.195801
2024-07-26,0.211670
2024-07-29,0.212646
2024-07-30,0.212646
2024-07-31,0.221436
2024-08-01,0.217041
2024-08-02,0.228760
2024-08-05,0.230225
2024-08-06,0.241211
2024-08-07,0.241211
2024-08-08,0.209717
2024-08-09,0.239502
2024-08-12,0.218750
2024-08-13,0.217773
2024-08-14,0.206055
2024-08-15,0.209961
2024-08-16,0.188965
2024-08-19,0.224609
2024-08-20,0.236572
2024-08-21,0.230469
2024-08-22,0.229492
2024-08-23,0.221924
2024-08-26,0.228271
2024-08-27,0.212402
2024-08-28,0.223877
2024-08-29,0.226318
2024-08-30,0.205322
2024-09-03,0.169678
2024-09-04,0.227783
2024-09-05,0.204102
2024-09-06,0.239990
2024-09-09,0.237793
2024-09-10,0.235352
2024-09-11,0.230713
2024-09-12,0.230713
2024-09-13,0.222412
2024-09-16,0.214844
2024-09-17,0.220215
2024-09-18,0.201904
2024-09-19,0.223877
2024-09-20,0.221436
2024-09-23,0.232422
2024-09-24,0.219971
2024-09-25,0.216797
2024-09-26,0.198975
2024-09-27,0.169189
2024-09-30,0.232178
2024-10-01,0.219238
2024-10-02,0.233154
2024-10-03,0.212646
2024-10-04,0.228271
2024-10-07,0.219971
2024-10-08,0.232422
2024-10-09,0.226318
2024-10-10,0.227295
2024-10-11,0.213867
2024-10-14,0.165771
2024-10-15,0.187744
2024-10-16,0.200928
2024-10-17,0.192139
2024-10-18,0.209229
2024-10-21,0.205566
2024-10-22,0.163330
2024-10-23,0.179443
2024-10-24,0.193115
2024-10-25,0.160400
2024-10-28,0.213867
2024-10-29,0.172363
2024-10-30,0.217773
2024-10-31,0.213623
2024-11-01,0.218018
2024-11-04,0.204590
2024-11-05,0.220703
2024-11-06,0.207520
2024-11-07,0.202881
2024-11-08,0.221680
2024-11-11,0.180420
2024-11-12,0.218506
2024-11-13,0.178467
2024-11-14,0.215820
2024-11-15,0.219482
2024-11-18,0.219238
2024-11-19,0.222168
2024-11-20,0.238525
2024-11-21,0.233887
2024-11-22,0.231201
2024-11-25,0.240723
2024-11-26,0.241943
2024-11-27,0.238281
2024-11-29,0.243652
2024-12-02,0.218994
2024-12-03,0.239746
2024-12-04,0.238770
2024-12-05,0.196533
2024-12-06,0.238037
2024-12-09,0.246094
2024-12-10,0.245361
2024-12-11,0.237549
2024-12-12,0.245850
2024-12-13,0.236084
2024-12-16,0.234131
2024-12-17,0.228516
2024-12-18,0.237061
2024-12-19,0.241699
2024-12-20,0.241455
2024-12-23,0.241455
2024-12-24,0.237061
2024-12-26,0.226074
2024-12-27,0.231934
2024-12-30,0.239502
2024-12-31,0.238525
